,r2,features,time needed
0,0.127572517469138,['bigRoad_50m'],295.683153629303
